{
  "intents": [
    {
      "intent": "Pagerequest",
      "slots": [
        {
          "name": "rulebooksslot",
          "type": "RULEBOOKS"
        },
        {
          "name": "characterclassslot",
          "type": "CHARACTERCLASS"
        },
        {
          "name": "characterracesslot",
          "type": "CHARACTERRACES"
        }
      ]
    },
    {
      "intent": "Diceroll",
      "slots": [
        {
          "name": "diceslot",
          "type": "DICE"
        },
        {
          "name": "vantageslot",
          "type": "VANTAGE"
        }
      ]
    },
    {
      "intent": "Fantasycurrencyconverter",
      "slots": [
        {
          "name": "numberslot",
          "type": "AMAZON.NUMBER"
        },
        {
          "name": "unitsoffantasycurrencyslot",
          "type": "UNITSOFFANTASYCURRENCY"
        }
      ]
    },
    {
      "intent": "Askaboutweaponproperties",
      "slots": [
        {
          "name": "weaponsslot",
          "type": "WEAPONS"
        },
        {
          "name": "numberslot",
          "type": "AMAZON.NUMBER"
        },
        {
          "name": "weaponpropertiesslot",
          "type": "WEAPONPROPERTIES"
        },
        {
          "name": "magicaldamagetypesslot",
          "type": "MAGICALDAMAGETYPES"
        },
        {
          "name": "physicaldamagetypesslot",
          "type": "PHYSICALDAMAGETYPES"
        }
      ]
    }
  ]
}